country,iso3,reporter_code,year,flow,variant,world_relative_product_gini,world_weighted_share_gini,world_weighted_product_coverage,weighted_mean_relative_export_intensity,world_weighted_mean_country_share,country_total_exports,world_total_exports,leave_one_out_world_exports,country_active_products,world_benchmark_products,zero_weight_country_export_share,missing_benchmark_product_count,negative_leave_one_out_product_count,metric_valid,invalid_reason,active_product_gini,active_product_count,active_product_total_exports,world_relative_minus_active_product_gini
Zimbabwe,ZWE,716,2024,Exports,world_relative,0.9913943567623769,0.9906999473409663,0.5546478611170921,1.0,0.002620798256681894,7422001438.788,20562489519169.527,20555067517730.74,1335,5800,0.0,0,0,True,,0.9890305718525154,1335.0,7422001438.788001,0.002363784909861444
Burkina Faso,BFA,854,2024,Exports,world_relative,0.9890088936301374,0.9910587001799224,0.5214100656748215,1.0000000000000002,0.006017238178332752,5642107004.335999,20562489519169.527,20556847412165.195,986,5800,0.0,0,0,True,,0.9928313556346332,986.0,5642107004.336,-0.0038224620044957636
Iceland,ISL,352,2024,Exports,world_relative,0.9846771477876664,0.9589928759996658,0.6725613391280618,1.0,0.001199394494008337,6872368527.741,20562489519169.527,20555617150641.79,2107,5800,0.0,0,0,True,,0.9798721024068636,2107.0,6872368527.741001,0.0048050453808027305
Mozambique,MOZ,508,2024,Exports,world_relative,0.9818425423112715,0.9610285473280912,0.6362522485667752,1.0,0.0028978872050918316,8191933249.9,20562489519169.527,20554297585919.625,1693,5800,0.0,0,0,True,,0.9887944490229256,1693.0,8191933249.900001,-0.006951906711654021
Mauritania,MRT,478,2024,Exports,world_relative,0.979075377345286,0.9746668586405928,0.23692954921455023,1.0,0.00845585469573664,4149547480.4069996,20562489519169.527,20558339971689.12,290,5800,0.0,0,0,True,,0.9778111380139268,290.0,4149547480.407,0.0012642393313592182
Uganda,UGA,800,2024,Exports,world_relative,0.9742310991928234,0.9819430289281377,0.7647349832732314,1.0,0.0036028125543790934,8039344375.93,20562489519169.527,20554450174793.598,2636,5800,0.0,0,0,True,,0.9787712957855736,2636.0,8039344375.93,-0.00454019659275029
Panama,PAN,591,2024,Exports,world_relative,0.9584524433397161,0.9341023988433704,0.5825689763626491,1.0,0.0013276638057704954,1158357714.0,20562489519169.527,20561331161455.527,1859,5800,0.0,0,0,True,,0.9456669483703496,1859.0,1158357714.0,0.01278549496936654
Cambodia,KHM,116,2024,Exports,world_relative,0.9569505554027045,0.9360856307347363,0.5878234345369158,0.9999999999999998,0.0009452177740221996,26662107525.473003,20562489519169.527,20535827411644.055,2013,5800,0.0,0,0,True,,0.9408193729763707,2013.0,26662107525.473003,0.016131182426333712
Guyana,GUY,328,2024,Exports,world_relative,0.9549344282593787,0.9582430301876463,0.628797980064595,0.9999999999999999,0.03348203055279335,22409479415.308002,20562489519169.527,20540080039754.223,1944,5800,0.0,0,0,True,,0.9976181341471968,1944.0,22409479415.308,-0.04268370588781811
Costa Rica,CRI,188,2024,Exports,world_relative,0.9534160262626598,0.9495307373855549,0.8051827874325788,0.9999999999999998,0.0016039983495263173,19880341333.983,20562489519169.527,20542609177835.547,3178,5800,0.0,0,0,True,,0.9701108938594324,3178.0,19880341333.983,-0.016694867596772633
Peru,PER,604,2024,Exports,world_relative,0.9533650947135711,0.9551228614711308,0.8777720686260562,1.0,0.005104730274945361,74053783276.54001,20562489519169.527,20488435735892.99,3681,5800,0.0,0,0,True,,0.982860848891633,3681.0,74053783276.54001,-0.02949575417806194
Azerbaijan,AZE,31,2024,Exports,world_relative,0.9503300879252802,0.9538003800834499,0.739136474656628,0.9999999999999999,0.024441826392188178,26404676883.300003,20562489519169.527,20536084842286.227,1964,5800,0.0,0,0,True,,0.993710369902614,1964.0,26404676883.300003,-0.04338028197733379
Niger,NER,562,2024,Exports,world_relative,0.9425643341122826,0.9524152204519429,0.34587818476563703,0.9999999999999998,0.03380131525172562,1007786657.4240001,20562489519169.527,20561481732512.105,449,5800,0.0,0,0,True,,0.9863482823307308,449.0,1007786657.424,-0.04378394821844822
Morocco,MAR,504,2024,Exports,world_relative,0.9410813414050856,0.9312119264542924,0.8353276175310165,0.9999999999999999,0.002024227831659797,80525530850.75201,20562489519169.527,20481963988318.777,3551,5800,0.0,0,0,True,,0.9704883989139316,3551.0,80525530850.752,-0.02940705750884598
Armenia,ARM,51,2024,Exports,world_relative,0.9381745538388941,0.9719915484885554,0.793235258241251,1.0,0.008680727649671609,13070809687.664,20562489519169.527,20549418709481.867,3041,5800,0.0,0,0,True,,0.9780411865320212,3041.0,13070809687.664,-0.03986663269312707
Hungary,HUN,348,2024,Exports,world_relative,0.7081940453191652,0.8044151007298491,0.9505786460467791,1.0,0.003069442163613368,148025178761.343,20562489519169.527,20414464340408.188,4632,5800,0.0,0,0,True,,0.924598924408842,4632.0,148025178761.34302,-0.21640487908967676
Canada,CAN,124,2024,Exports,world_relative,0.702635652411745,0.9072200400197495,0.9871503266702836,0.9999999999999999,0.01015517097213078,529357830205.096,20562489519169.527,20033131688964.434,5162,5800,0.0,0,0,True,,0.9296626138016996,5162.0,529357830205.09607,-0.2270269613899546
China,CHN,156,2024,Exports,world_relative,0.6973753262719858,0.7769987048659555,0.9889469481198571,1.0,0.002283905890011976,3479639306679.0,20562489519169.527,17082850212490.527,5227,5800,0.0,0,0,True,,0.8498748708596133,5227.0,3479639306679.0,-0.1524995445876275
Sweden,SWE,752,2024,Exports,world_relative,0.6942172512479796,0.8172797980650496,0.9912995612306001,0.9999999763409312,0.0030947038003126272,187984660379.217,20562489519169.527,20374504858790.312,5115,5799,2.365906872948079e-08,0,0,True,,0.9050556161250444,5115.0,187984660379.21695,-0.21083836487706475
Austria,AUT,40,2024,Exports,world_relative,0.6899687777694637,0.7672245212787513,0.9332518461723807,0.9999999999999999,0.0020742627928480133,196833236914.601,20562489519169.527,20365656282254.93,5022,5800,0.0,0,0,True,,0.8815677137703399,5022.0,196833236914.60095,-0.19159893600087619
Czech Republic,CZE,203,2024,Exports,world_relative,0.6812436622505562,0.8177766329788222,0.9829074501774928,1.0,0.0028815158493940766,258705155452.0,20562489519169.527,20303784363717.527,5152,5800,0.0,0,0,True,,0.907533293923838,5152.0,258705155452.0,-0.22628963167328175
Belgium,BEL,56,2024,Exports,world_relative,0.6794289330855289,0.8536801609464083,0.9976080866396322,1.0,0.004129856211911214,361569942857.322,20562489519169.527,20200919576312.207,5365,5800,0.0,0,0,True,,0.8995614438273105,5365.0,361569942857.3219,-0.22013251074178164
United Kingdom,GBR,826,2024,Exports,world_relative,0.6740866113039475,0.8361983617254992,0.9937563550267953,0.9999999999999999,0.004608453781603395,494267654806.1271,20562489519169.527,20068221864363.402,5276,5800,0.0,0,0,True,,0.911060005666716,5276.0,494267654806.12695,-0.23697339436276843
Poland,POL,616,2024,Exports,world_relative,0.6656750736291805,0.7012893498801713,0.9828057672446,1.0,0.0015479800977532994,378603002972.0,20562489519169.527,20183886516197.527,5208,5800,0.0,0,0,True,,0.8711648496283213,5211.0,379704654454.0,-0.20548977599914076
Italy,ITA,380,2024,Exports,world_relative,0.6520769707104408,0.7860234608392979,0.9845695005132206,0.9999999999999998,0.0024887955707123387,628773462492.4741,20562489519169.527,19933716056677.055,5306,5800,0.0,0,0,True,,0.8483810347823186,5306.0,628773462492.474,-0.19630406407187784
Spain,ESP,724,2024,Exports,world_relative,0.6302432470973838,0.7763486121134511,0.9963438282556425,1.0,0.0028384903495363243,383468213566.261,20562489519169.527,20179021305603.27,5397,5800,0.0,0,0,True,,0.8586953867085407,5397.0,383468213566.261,-0.22845213961115696
France,FRA,251,2024,Exports,world_relative,0.6278904536052157,0.7692382605214391,0.9979634182851823,1.0,0.0024499297773831587,644263935532.759,20562489519169.527,19918225583636.77,5472,5800,0.0,0,0,True,,0.8690349694673405,5472.0,644263935532.759,-0.24114451586212482
Netherlands,NLD,528,2024,Exports,world_relative,0.6093233176783273,0.8222928414863436,0.998679863106626,0.9999999999999999,0.004250385340748671,678012277815.2141,20562489519169.527,19884477241354.316,5432,5800,0.0,0,0,True,,0.8680824179173119,5432.0,678150400088.062,-0.25875910023898463
Germany,DEU,276,2024,Exports,world_relative,0.5596498186206672,0.7665960240936771,0.9932003943902962,1.0,0.0027933463161084696,1572581059596.584,20562489519169.527,18989908459572.945,5361,5800,0.0,0,0,True,,0.8558191578119312,5361.0,1572581059596.584,-0.296169339191264
United States,USA,842,2024,Exports,world_relative,0.5001783025573636,0.8055209277279904,0.998342528914803,1.0,0.006061075287887791,1861265103937.0,20562489519169.527,18701224415232.527,5517,5800,0.0,0,0,True,,0.8880914462857219,5517.0,1861265103937.0,-0.3879131437283583
